{
  "__version__": "1.0.0",
  "builder": {},
  "gizmos-infos": {
    "is2D": true,
    "is3DIcon": false,
    "iconSize": 2,
    "gridVisible": true,
    "gridColor": [
      166,
      166,
      166,
      255
    ],
    "transformToolName": "position",
    "pivot": "pivot",
    "coordinate": "local",
    "toolsVisibility3d": true
  },
  "snap-configs": {
    "position": {
      "x": 1,
      "y": 1,
      "z": 1
    },
    "rotation": 1,
    "scale": 1,
    "isPositionSnapEnabled": false,
    "isRotationSnapEnabled": false,
    "isScaleSnapEnabled": false
  },
  "rect-snap-configs": {
    "enableSnapping": true,
    "snapThreshold": 4
  },
  "camera-infos": {
    "3f2a0504-5640-4a81-97cb-580dac5d6156": {
      "position": {
        "x": 5196.152422706633,
        "y": 5196.152422706632,
        "z": 5196.15242270663
      },
      "rotation": {
        "x": -0.27984814233312133,
        "y": 0.3647051996310009,
        "z": 0.11591689595929512,
        "w": 0.8804762392171493
      },
      "viewCenter": {
        "x": 0,
        "y": 0,
        "z": 0
      },
      "contentRect": {
        "x": 0,
        "y": 0,
        "width": 958,
        "height": 612
      },
      "scale": 1
    },
    "2444a951-aa1c-4ec9-9700-7d78f310e6f6": {
      "position": {
        "x": 5196.152422706633,
        "y": 5196.152422706632,
        "z": 5196.15242270663
      },
      "rotation": {
        "x": -0.27984814233312133,
        "y": 0.3647051996310009,
        "z": 0.11591689595929512,
        "w": 0.8804762392171493
      },
      "viewCenter": {
        "x": 0,
        "y": 0,
        "z": 0
      },
      "contentRect": {
        "x": 0,
        "y": 0,
        "width": 958,
        "height": 612
      },
      "scale": 1
    },
    "60fbd44d-34b7-4994-b4c3-f521dd9e8a2b": {
      "position": {
        "x": 5196.152422706633,
        "y": 5196.152422706632,
        "z": 5196.15242270663
      },
      "rotation": {
        "x": -0.27984814233312133,
        "y": 0.3647051996310009,
        "z": 0.11591689595929512,
        "w": 0.8804762392171493
      },
      "viewCenter": {
        "x": 0,
        "y": 0,
        "z": 0
      },
      "contentRect": {
        "x": 0,
        "y": 0,
        "width": 958,
        "height": 612
      },
      "scale": 1
    },
    "b58a8a41-36da-452a-9b39-57aeb4f3bc6c": {
      "position": {
        "x": 5196.152422706633,
        "y": 5196.152422706632,
        "z": 5196.15242270663
      },
      "rotation": {
        "x": -0.27984814233312133,
        "y": 0.3647051996310009,
        "z": 0.11591689595929512,
        "w": 0.8804762392171493
      },
      "viewCenter": {
        "x": 0,
        "y": 0,
        "z": 0
      },
      "contentRect": {
        "x": 0,
        "y": 0,
        "width": 958,
        "height": 612
      },
      "scale": 1
    },
    "3cf03135-29d6-411e-9218-fc560696b9c9": {
      "position": {
        "x": 5196.152422706633,
        "y": 5196.152422706632,
        "z": 5196.15242270663
      },
      "rotation": {
        "x": -0.27984814233312133,
        "y": 0.3647051996310009,
        "z": 0.11591689595929512,
        "w": 0.8804762392171493
      },
      "viewCenter": {
        "x": 0,
        "y": 0,
        "z": 0
      },
      "contentRect": {
        "x": 0,
        "y": 0,
        "width": 958,
        "height": 612
      },
      "scale": 1
    },
    "06c2e5b8-e359-488a-a6c1-332a99df930b": {
      "position": {
        "x": 5196.152422706633,
        "y": 5196.152422706632,
        "z": 5196.15242270663
      },
      "rotation": {
        "x": -0.27984814233312133,
        "y": 0.3647051996310009,
        "z": 0.11591689595929512,
        "w": 0.8804762392171493
      },
      "viewCenter": {
        "x": 0,
        "y": 0,
        "z": 0
      },
      "contentRect": {
        "x": 0,
        "y": 0,
        "width": 958,
        "height": 612
      },
      "scale": 1
    },
    "7c7b5fef-836d-4ab6-bee8-2d06adaaa639": {
      "position": {
        "x": 360,
        "y": 780.0000000000001,
        "z": 5000
      },
      "rotation": {
        "x": 0,
        "y": 0,
        "z": 0,
        "w": 1
      },
      "viewCenter": {
        "x": 0,
        "y": 0,
        "z": 0
      },
      "contentRect": {
        "x": -1384.2577030812326,
        "y": -334.28571428571433,
        "width": 197.72307692307692,
        "height": 428.4
      },
      "scale": 0.2746153846153846
    },
    "20f24b96-5950-4085-823d-b570cf476415": {
      "position": {
        "x": 360,
        "y": 780.0000000000001,
        "z": 5000
      },
      "rotation": {
        "x": 0,
        "y": 0,
        "z": 0,
        "w": 1
      },
      "viewCenter": {
        "x": 0,
        "y": 0,
        "z": 0
      },
      "contentRect": {
        "x": 0,
        "y": 0,
        "width": 197.72307692307692,
        "height": 428.4
      },
      "scale": 0.2746153846153846
    },
    "cbfeb1e4-4fb1-4e25-85c7-7134fd2584db": {
      "position": {
        "x": 360,
        "y": 780.0000000000001,
        "z": 5000
      },
      "rotation": {
        "x": 0,
        "y": 0,
        "z": 0,
        "w": 1
      },
      "viewCenter": {
        "x": 0,
        "y": 0,
        "z": 0
      },
      "contentRect": {
        "x": 0,
        "y": 0,
        "width": 197.72307692307692,
        "height": 428.4
      },
      "scale": 0.2746153846153846
    },
    "efe576b0-dabb-451b-a317-03369448b792": {
      "position": {
        "x": 360,
        "y": 780.0000000000001,
        "z": 5000
      },
      "rotation": {
        "x": 0,
        "y": 0,
        "z": 0,
        "w": 1
      },
      "viewCenter": {
        "x": 0,
        "y": 0,
        "z": 0
      },
      "contentRect": {
        "x": 0,
        "y": 0,
        "width": 197.72307692307692,
        "height": 428.4
      },
      "scale": 0.2746153846153846
    },
    "d1d0a6e8-b8d6-4a77-9ce4-720d35586376": {
      "position": {
        "x": 360,
        "y": 780.0000000000001,
        "z": 5000
      },
      "rotation": {
        "x": 0,
        "y": 0,
        "z": 0,
        "w": 1
      },
      "viewCenter": {
        "x": 0,
        "y": 0,
        "z": 0
      },
      "contentRect": {
        "x": -860.9803921568628,
        "y": 0,
        "width": 197.72307692307692,
        "height": 428.4
      },
      "scale": 0.2746153846153846
    },
    "0e43fb28-4d41-4edb-891f-4edf9cea0294": {
      "position": {
        "x": 360,
        "y": 780.0000000000001,
        "z": 5000
      },
      "rotation": {
        "x": 0,
        "y": 0,
        "z": 0,
        "w": 1
      },
      "viewCenter": {
        "x": 0,
        "y": 0,
        "z": 0
      },
      "contentRect": {
        "x": -860.9803921568628,
        "y": 0,
        "width": 197.72307692307692,
        "height": 428.4
      },
      "scale": 0.2746153846153846
    },
    "6af59af9-89f0-444e-b4e9-8250679446e3": {
      "position": {
        "x": 360,
        "y": 780.0000000000001,
        "z": 5000
      },
      "rotation": {
        "x": 0,
        "y": 0,
        "z": 0,
        "w": 1
      },
      "viewCenter": {
        "x": 0,
        "y": 0,
        "z": 0
      },
      "contentRect": {
        "x": 0,
        "y": 0,
        "width": 197.72307692307692,
        "height": 428.4
      },
      "scale": 0.2746153846153846
    }
  },
  "camera-uuids": [
    "3f2a0504-5640-4a81-97cb-580dac5d6156",
    "2444a951-aa1c-4ec9-9700-7d78f310e6f6",
    "60fbd44d-34b7-4994-b4c3-f521dd9e8a2b",
    "b58a8a41-36da-452a-9b39-57aeb4f3bc6c",
    "3cf03135-29d6-411e-9218-fc560696b9c9",
    "06c2e5b8-e359-488a-a6c1-332a99df930b",
    "7c7b5fef-836d-4ab6-bee8-2d06adaaa639",
    "20f24b96-5950-4085-823d-b570cf476415",
    "cbfeb1e4-4fb1-4e25-85c7-7134fd2584db",
    "efe576b0-dabb-451b-a317-03369448b792",
    "d1d0a6e8-b8d6-4a77-9ce4-720d35586376",
    "0e43fb28-4d41-4edb-891f-4edf9cea0294",
    "6af59af9-89f0-444e-b4e9-8250679446e3"
  ],