{
  "__version__": "1.0.0",
  "builder": {},
  "gizmos-infos": {
    "is2D": true,
    "is3DIcon": false,
    "iconSize": 2,
    "gridVisible": true,
    "gridColor": [
      166,
      166,
      166,
      255
    ],
    "transformToolName": "position",
    "pivot": "pivot",
    "coordinate": "local",
    "toolsVisibility3d": true
  },
  "snap-configs": {
    "position": {
      "x": 1,
      "y": 1,
      "z": 1
    },
    "rotation": 1,
    "scale": 1,
    "isPositionSnapEnabled": false,
    "isRotationSnapEnabled": false,
    "isScaleSnapEnabled": false
  },
  "rect-snap-configs": {
    "enableSnapping": true,
    "snapThreshold": 4
  },
  "float-window": {
    "position": {
      "cc": {
        "Camera": {
          "dock": false,
          "top": null,
          "bottom": 10,
          "left": null,
          "right": 10
        }
      }
    }
  },
  "camera-infos": {
    "bc1a7e31-956f-4ff8-9d18-724ed3fdd37b": {
      "position": {
        "x": 3459.3659493784544,
        "y": 1192.9216147690395,
        "z": 5000
      },
      "rotation": {
        "x": 0,
        "y": 0,
        "z": 0,
        "w": 1
      },
      "viewCenter": {
        "x": 0,
        "y": 0,
        "z": 0
      },
      "contentRect": {
        "x": 1978.8820389937196,
        "y": -2014.793524397887,
        "width": 199.01538461538465,
        "height": 431.20000000000005
      },
      "scale": 0.0672129508532336
    },
    "080c3bbf-1a4e-4d74-8678-7daad253eefb": {
      "position": {
        "x": 360.0000000000001,
        "y": 779.9999999999999,
        "z": 5000
      },
      "rotation": {
        "x": 0,
        "y": 0,
        "z": 0,
        "w": 1
      },
      "viewCenter": {
        "x": 0,
        "y": 0,
        "z": 0
      },
      "contentRect": {
        "x": 313.0000000000001,
        "y": 733,
        "width": 431.20000000000005,
        "height": 431.20000000000005
      },
      "scale": 4.587234042553192
    },
    "e705d509-c1f4-47c9-9d3f-f338f45b6bb3": {
      "position": {
        "x": 359.18333333333334,
        "y": 780.8166666666667,
        "z": 5000
      },
      "rotation": {
        "x": 0,
        "y": 0,
        "z": 0,
        "w": 1
      },
      "viewCenter": {
        "x": 0,
        "y": 0,
        "z": 0
      },
      "contentRect": {
        "x": 0,
        "y": 0,
        "width": 504,
        "height": 1092
      },
      "scale": 0.7
    },
    "130ad698-3028-4b54-9667-9fc7a1ef4016": {
      "position": {
        "x": 415.55921296945496,
        "y": 743.3756112600288,
        "z": 5000
      },
      "rotation": {
        "x": 0,
        "y": 0,
        "z": 0,
        "w": 1
      },
      "viewCenter": {
        "x": 0,
        "y": 0,
        "z": 0
      },
      "contentRect": {
        "x": -190.72741363470487,
        "y": 137.08898465586915,
        "width": 431.20000000000005,
        "height": 431.20000000000005
      },
      "scale": 0.35560738195329467
    }
  },
  "camera-uuids": [
    "bc1a7e31-956f-4ff8-9d18-724ed3fdd37b",
    "080c3bbf-1a4e-4d74-8678-7daad253eefb",
    "e705d509-c1f4-47c9-9d3f-f338f45b6bb3",
    "130ad698-3028-4b54-9667-9fc7a1ef4016"
  ],
  "camera": {
    "color": [
      48,
      48,
      48,
      255
    ],
    "fov": 45,
    "far": 10000,
    "near": 0.01,
    "wheelSpeed": 0.01,
    "wanderSpeed": 10,
    "enableAcceleration": true,
    "size": "__default_design__",
    "far2D": 10000,
    "near2D": 1,
    "wheelSpeed2D": 6,
    "iso": 0,
    "aperture": 19,
    "shutter": 7
  },
  "scene_view": {
    "isSceneLightOn": true,
    "output_device": "__default_design__"
  }
}
