{
  "__version__": "1.0.0",
  "builder": {},
  "gizmos-infos": {
    "is2D": true,
    "is3DIcon": false,
    "iconSize": 2,
    "gridVisible": true,
    "gridColor": [
      166,
      166,
      166,
      255
    ],
    "transformToolName": "position",
    "pivot": "pivot",
    "coordinate": "local",
    "toolsVisibility3d": true
  },
  "snap-configs": {
    "position": {
      "x": 1,
      "y": 1,
      "z": 1
    },
    "rotation": 1,
    "scale": 1,
    "isPositionSnapEnabled": false,
    "isRotationSnapEnabled": false,
    "isScaleSnapEnabled": false
  },
  "rect-snap-configs": {
    "enableSnapping": true,
    "snapThreshold": 4
  },
  "float-window": {
    "position": {
      "cc": {
        "Camera": {
          "dock": false,
          "top": null,
          "bottom": 10,
          "left": null,
          "right": 10
        }
      }
    }
  },
  "camera-infos": {
    "7c7b5fef-836d-4ab6-bee8-2d06adaaa639": {
      "position": {
        "x": -506.41707032597316,
        "y": 2641.6645069527067,
        "z": 3294.335760522369
      },
      "rotation": {
        "x": -0.29002246864320846,
        "y": -0.12993350949133514,
        "z": -0.039777841326137944,
        "w": 0.9473235847020789
      },
      "viewCenter": {
        "x": 938.5600491476031,
        "y": -984.1470749486211,
        "z": -1874.0956343146104
      },
      "contentRect": {
        "x": 0,
        "y": 0,
        "width": 958,
        "height": 612
      },
      "scale": 1
    },
    "504ce1eb-1431-4f0c-a2fb-8d18fef2c73c": {
      "position": {
        "x": 438.24293004574906,
        "y": 801.9683384827309,
        "z": 5000
      },
      "rotation": {
        "x": 0,
        "y": 0,
        "z": 0,
        "w": 1
      },
      "viewCenter": {
        "x": -261.07188852494505,
        "y": 1099.5198480218646,
        "z": -581.373684141789
      },
      "contentRect": {
        "x": 262.2762077547883,
        "y": 626.00161619177,
        "width": 428.4,
        "height": 428.4
      },
      "scale": 1.2172756144529446
    },
    "44db69c1-64bd-4db7-849f-396a412a8a32": {
      "position": {
        "x": 360,
        "y": 780.0000000000001,
        "z": 5000
      },
      "rotation": {
        "x": 0,
        "y": 0,
        "z": 0,
        "w": 1
      },
      "viewCenter": {
        "x": -261.07188852494505,
        "y": 1099.5198480218646,
        "z": -581.373684141789
      },
      "contentRect": {
        "x": -411.7021276595745,
        "y": 1.0349642089502861e-13,
        "width": 205.96153846153845,
        "height": 428.4
      },
      "scale": 0.2746153846153846
    },
    "b20f978c-bcb8-4399-b3b3-11bd48bad01e": {
      "position": {
        "x": 408.5213524576095,
        "y": 814.267679097931,
        "z": 5000
      },
      "rotation": {
        "x": 0,
        "y": 0,
        "z": 0,
        "w": 1
      },
      "viewCenter": {
        "x": -261.07188852494505,
        "y": 1099.5198480218646,
        "z": -581.373684141789
      },
      "contentRect": {
        "x": 332.98434973468426,
        "y": 650.6041731982596,
        "width": 423.8425531914893,
        "height": 428.3999999999999
      },
      "scale": 1.3087829129806636
    },
    "04daa289-9296-419d-8272-cd19b335fd4a": {
      "position": {
        "x": 359.99999999999994,
        "y": 780,
        "z": 5000
      },
      "rotation": {
        "x": 0,
        "y": 0,
        "z": 0,
        "w": 1
      },
      "viewCenter": {
        "x": -261.07188852494505,
        "y": 1099.5198480218646,
        "z": -581.373684141789
      },
      "contentRect": {
        "x": 313,
        "y": 733,
        "width": 428.3999999999999,
        "height": 428.3999999999999
      },
      "scale": 4.557446808510638
    },
    "130ad698-3028-4b54-9667-9fc7a1ef4016": {
      "position": {
        "x": 453.89531691622017,
        "y": 384.470775281393,
        "z": 5000
      },
      "rotation": {
        "x": 0,
        "y": 0,
        "z": 0,
        "w": 1
      },
      "viewCenter": {
        "x": -261.07188852494505,
        "y": 1099.5198480218646,
        "z": -581.373684141789
      },
      "contentRect": {
        "x": 321.21108736002094,
        "y": 96.98827790962795,
        "width": 197.72307692307692,
        "height": 428.4
      },
      "scale": 0.7450888383058742
    }
  },
  "camera-uuids": [
    "7c7b5fef-836d-4ab6-bee8-2d06adaaa639",
    "504ce1eb-1431-4f0c-a2fb-8d18fef2c73c",
    "44db69c1-64bd-4db7-849f-396a412a8a32",
    "b20f978c-bcb8-4399-b3b3-11bd48bad01e",
    "04daa289-9296-419d-8272-cd19b335fd4a",
    "130ad698-3028-4b54-9667-9fc7a1ef4016"
  ],
  "camera": {
    "color": [
      48,
      48,
      48,
      255
    ],
    "fov": 45,
    "far": 10000,
    "near": 0.01,
    "wheelSpeed": 0.01,
    "wanderSpeed": 10,
    "enableAcceleration": true,
    "size": "__default_design__",
    "far2D": 10000,
    "near2D": 1,
    "wheelSpeed2D": 6,
    "iso": 0,
    "aperture": 19,
    "shutter": 7
  }
}
