{
  "gizmos-infos": {
    "is2D": true,
    "is3DIcon": false,
    "iconSize": 2,
    "gridVisible": true,
    "gridColor": [
      166,
      166,
      166,
      255
    ],
    "transformToolName": "position",
    "pivot": "pivot",
    "coordinate": "local",
    "toolsVisibility3d": true
  },
  "__version__": "1.0.0",
  "builder": {},
  "snap-configs": {
    "position": {
      "x": 1,
      "y": 1,
      "z": 1
    },
    "rotation": 1,
    "scale": 1,
    "isPositionSnapEnabled": false,
    "isRotationSnapEnabled": false,
    "isScaleSnapEnabled": false
  },
  "rect-snap-configs": {
    "enableSnapping": true,
    "snapThreshold": 4
  },
  "float-window": {
    "position": {
      "cc": {
        "Camera": {
          "dock": false,
          "top": null,
          "bottom": 10,
          "left": null,
          "right": 10
        }
      }
    }
  },
  "camera-infos": {
    "7109a383-2b6d-4e98-bc1b-02c3aa32b785": {
      "position": {
        "x": 803.7982363411224,
        "y": 507.29212366697766,
        "z": 5000
      },
      "rotation": {
        "x": 0,
        "y": 0,
        "z": 0,
        "w": 1
      },
      "viewCenter": {
        "x": 0,
        "y": 0,
        "z": 0
      },
      "contentRect": {
        "x": -932.655302791901,
        "y": -469.46299209534783,
        "width": 618.8,
        "height": 348.07499999999993
      },
      "scale": 0.17817925618354133
    },
    "1409fce1-526f-4fea-b28a-4ee3741ad667": {
      "position": {
        "x": 210.62615669835486,
        "y": 951.847491867999,
        "z": 5000
      },
      "rotation": {
        "x": 0,
        "y": 0,
        "z": 0,
        "w": 1
      },
      "viewCenter": {
        "x": 0,
        "y": 0,
        "z": 0
      },
      "contentRect": {
        "x": -405.8716498838561,
        "y": 84.92836979090106,
        "width": 214.375,
        "height": 445.9
      },
      "scale": 0.24202803511695567
    },
    "34603ef9-b5e4-4f44-a5dc-92c77e8cd339": {
      "position": {
        "x": 360.00000000000006,
        "y": 779.9999999999999,
        "z": 5000
      },
      "rotation": {
        "x": 0,
        "y": 0,
        "z": 0,
        "w": 1
      },
      "viewCenter": {
        "x": 0,
        "y": 0,
        "z": 0
      },
      "contentRect": {
        "x": -127.34693877551013,
        "y": 0,
        "width": 205.8,
        "height": 445.9
      },
      "scale": 0.28583333333333333
    },
    "130ad698-3028-4b54-9667-9fc7a1ef4016": {
      "position": {
        "x": 594.5422322959791,
        "y": 1174.9220217120064,
        "z": 5000
      },
      "rotation": {
        "x": 0,
        "y": 0,
        "z": 0,
        "w": 1
      },
      "viewCenter": {
        "x": -509.5741495202148,
        "y": 900.3696083030804,
        "z": 30.332411241760383
      },
      "contentRect": {
        "x": -42.98535472737587,
        "y": 537.3944346886514,
        "width": 443.1,
        "height": 475.3
      },
      "scale": 0.30469269715364317
    },
    "7c7b5fef-836d-4ab6-bee8-2d06adaaa639": {
      "position": {
        "x": 229.4661990688432,
        "y": 604.012983966473,
        "z": 5000
      },
      "rotation": {
        "x": 0,
        "y": 0,
        "z": 0,
        "w": 1
      },
      "viewCenter": {
        "x": 0,
        "y": 0,
        "z": 0
      },
      "contentRect": {
        "x": -376.8204275353166,
        "y": -2.2736426376867427,
        "width": 388.5,
        "height": 388.5
      },
      "scale": 0.3203930145845431
    },
    "44db69c1-64bd-4db7-849f-396a412a8a32": {
      "position": {
        "x": 278.0528706471357,
        "y": 895.2576750012645,
        "z": 5000
      },
      "rotation": {
        "x": 0,
        "y": 0,
        "z": 0,
        "w": 1
      },
      "viewCenter": {
        "x": 0,
        "y": 0,
        "z": 0
      },
      "contentRect": {
        "x": -574.0747369471217,
        "y": -43.851816413167924,
        "width": 404.59999999999997,
        "height": 445.9
      },
      "scale": 0.23740575730334235
    },
    "504ce1eb-1431-4f0c-a2fb-8d18fef2c73c": {
      "position": {
        "x": 396.9176082846616,
        "y": 803.9258369085121,
        "z": 5000
      },
      "rotation": {
        "x": 0,
        "y": 0,
        "z": 0,
        "w": 1
      },
      "viewCenter": {
        "x": 0,
        "y": 0,
        "z": 0
      },
      "contentRect": {
        "x": 326.97872749129493,
        "y": 726.8478662071719,
        "width": 443.1,
        "height": 443.1
      },
      "scale": 2.8925255552443296
    },
    "b20f978c-bcb8-4399-b3b3-11bd48bad01e": {
      "position": {
        "x": 439.6154975984866,
        "y": 845.6099789601424,
        "z": 5000
      },
      "rotation": {
        "x": 0,
        "y": 0,
        "z": 0,
        "w": 1
      },
      "viewCenter": {
        "x": 0,
        "y": 0,
        "z": 0
      },
      "contentRect": {
        "x": 323.52075655063663,
        "y": 728.2669073633907,
        "width": 443.1,
        "height": 447.86451612903227
      },
      "scale": 1.9083551761288253
    }
  },
  "camera-uuids": [
    "7109a383-2b6d-4e98-bc1b-02c3aa32b785",
    "1409fce1-526f-4fea-b28a-4ee3741ad667",
    "34603ef9-b5e4-4f44-a5dc-92c77e8cd339",
    "130ad698-3028-4b54-9667-9fc7a1ef4016",
    "7c7b5fef-836d-4ab6-bee8-2d06adaaa639",
    "44db69c1-64bd-4db7-849f-396a412a8a32",
    "504ce1eb-1431-4f0c-a2fb-8d18fef2c73c",
    "b20f978c-bcb8-4399-b3b3-11bd48bad01e"
  ],
  "camera": {
    "color": [
      48,
      48,
      48,
      255
    ],
    "fov": 45,
    "far": 10000,
    "near": 0.01,
    "wheelSpeed": 0.01,
    "wanderSpeed": 10,
    "enableAcceleration": true,
    "size": "__default_design__",
    "far2D": 10000,
    "near2D": 1,
    "wheelSpeed2D": 6,
    "iso": 0,
    "aperture": 19,
    "shutter": 7
  }
}
