{
  "__type__": "cc.SpriteFrame",
  "content": {
    "name": "btn_yg1",
    "atlas": "",
    "rect": {
      "x": 66,
      "y": 66,
      "width": 95,
      "height": 95
    },
    "offset": {
      "x": 0,
      "y": 0
    },
    "originalSize": {
      "width": 227,
      "height": 227
    },
    "rotated": false,
    "capInsets": [
      0,
      0,
      0,
      0
    ],
    "vertices": {
      "rawPosition": [
        -47.5,
        -47.5,
        0,
        47.5,
        -47.5,
        0,
        -47.5,
        47.5,
        0,
        47.5,
        47.5,
        0
      ],
      "indexes": [
        0,
        1,
        2,
        2,
        1,
        3
      ],
      "uv": [
        66,
        161,
        161,
        161,
        66,
        66,
        161,
        66
      ],
      "nuv": [
        0.2907488986784141,
        0.2907488986784141,
        0.7092511013215859,
        0.2907488986784141,
        0.2907488986784141,
        0.7092511013215859,
        0.7092511013215859,
        0.7092511013215859
      ],
      "minPos": {
        "x": -47.5,
        "y": -47.5,
        "z": 0
      },
      "maxPos": {
        "x": 47.5,
        "y": 47.5,
        "z": 0
      }
    },
    "texture": "285b1c46-f8dc-429e-830f-c426f05fd032@6c48a",
    "packable": true,
    "pixelsToUnit": 100,
    "pivot": {
      "x": 0.5,
      "y": 0.5
    },
    "meshType": 0
  }
}