{
  "__type__": "cc.SpriteFrame",
  "content": {
    "name": "button01",
    "atlas": "",
    "rect": {
      "x": 12,
      "y": 15,
      "width": 253,
      "height": 94
    },
    "offset": {
      "x": 0,
      "y": 1
    },
    "originalSize": {
      "width": 277,
      "height": 126
    },
    "rotated": false,
    "capInsets": [
      0,
      0,
      0,
      0
    ],
    "vertices": {
      "rawPosition": [
        -126.5,
        -47,
        0,
        126.5,
        -47,
        0,
        -126.5,
        47,
        0,
        126.5,
        47,
        0
      ],
      "indexes": [
        0,
        1,
        2,
        2,
        1,
        3
      ],
      "uv": [
        12,
        111,
        265,
        111,
        12,
        17,
        265,
        17
      ],
      "nuv": [
        0.04332129963898917,
        0.1349206349206349,
        0.9566787003610109,
        0.1349206349206349,
        0.04332129963898917,
        0.8809523809523809,
        0.9566787003610109,
        0.8809523809523809
      ],
      "minPos": {
        "x": -126.5,
        "y": -47,
        "z": 0
      },
      "maxPos": {
        "x": 126.5,
        "y": 47,
        "z": 0
      }
    },
    "texture": "86d249e2-3ba8-4df5-8461-cee44b400dd1@6c48a",
    "packable": true,
    "pixelsToUnit": 100,
    "pivot": {
      "x": 0.5,
      "y": 0.5
    },
    "meshType": 0
  }
}